id;nombre;segundo_nombre;apellido;segundo_apellido;documento_identidad;estado;sexo;fecha_nacimiento
1;motionless ditch soon;failing;with goat;than carelessly;apparatus outrank;develop before;psst gah;2024-11-05
2;except;optimistic;save pricey oh;anti;equally blah joshingly;yippee knowledgeable;swiftly;2024-11-05
3;pish minion that;pillow ick whereas;seriously apud;dilate hmph;needily dual;up;psst bashfully incidentally;2024-11-05
4;heavenly an tag;personal all;lazily hmph sad;splendid at chilly;mountain defiantly;beside row;above skean;2024-11-05
5;recklessly furlough;whether;since custom versus;birth reorient;generally loftily but;brr;doubtfully;2024-11-05
6;whose impact middle;dreamily without browse;unnecessarily ectoderm shout;alive;for overcharge;ack mobility;abnormally underpants plan;2024-11-05
7;term pale different;fooey if;who;even barge quadruple;lonely while down;singe fervently;creak to;2024-11-05
8;rapidly afore;versus;true;slope sonnet nor;internal;circa considering;which;2024-11-05
9;aha fixed minor;overconfidently;um;maintainer up openly;clamour twine woot;because;filter transcend;2024-11-05
10;enlist which;anti sensitize;jagged;blindly;that deprave despite;mostly;incidentally obstruct wonderfully;2024-11-05
